{"[353, 4, 1, 0, 0, 1]": [0.2576151316887284, -2.339808874630381, 0.754775939153839, 0.9921740578880786], "[352, 8, 1, 1, 1, 0]": [0.4570951434829079, -9.243817542103683, -8.813668054991727, 0.948434623389972], "[24, 2, 1, 1, 1, 1]": [16.35135896736939, 25.41086482627703, 26.70830082361488, 21.849723488032105], "[352, 1, 1, 1, 1, 0]": [0.14564650268450374, -9.16788713231089, -1.9435254262748856, 0.06967924130350522], "[22, 2, 1, 1, 0, 0]": [7.023713208664194, 4.014613133521829, 5.400884636956826, 3.4244739466361334], "[21, 6, 1, 1, 0, 1]": [0.6993496232392221, 0.03949553118016602, 0.6119367107706397, 0.7720793036076752], "[23, 0, 1, 1, 1, 1]": [3.9577969863662723, 19.78151312106968, 15.775473438861908, 12.394728990266195], "[23, 5, 1, 1, 1, 1]": [26.497818676941264, 12.250836075510406, 8.528736994003713, 14.96347347852326], "[352, 0, 1, 1, 1, 0]": [-0.6200658859662627, -8.736490914691576, -16.27488274362677, -8.67365085916239], "[27, 5, 1, 1, 0, 1]": [0.23216692760286373, -0.19692163073812186, 0.006333500472642362, 0.06924360987655165], "[353, 6, 1, 1, 0, 1]": [-10.467445931463958, 0.3510562891734673, -8.780971564306013, 0.0782945216228651], "[25, 2, 1, 1, 0, 0]": [0.3633899923866738, 11.0494875292232, 0.4982244911688132, 0.001143259854057277], "[21, 1, 1, 1, 1, 1]": [3.603298639019508, 10.481530198273303, 3.9163426736309894, 8.24936439260228], "[23, 2, 1, 1, 0, 0]": [6.602513525347964, 0.9636342523894282, 0.7952913643322451, 0.9470244544988555], "[19, 5, 1, 1, 1, 1]": [0.321782876324593, 1.4639323517267475, -0.5683792458763249, -0.4407072914243988], "[28, 4, 1, 1, 0, 1]": [3.274716867361171, 2.9838119735953055, 3.840032129314695, 0.6784854883637287], "[27, 7, 1, 1, 1, 1]": [7.6743597889091575, 1.5162293792060089, -0.018285946396227257, 1.8725317693656511], "[353, 4, 1, 1, 0, 1]": [-11.215677211992528, 0.44320963153946813, 0.7048639117003035, 0.4302363631725402], "[22, 7, 1, 1, 1, 1]": [7.62272608192667, 0.11472791207790975, 3.542692270613623, 7.476924492129175], "[352, 1, 1, 1, 1, 1]": [-8.96741500259373, -16.2407136839224, -23.506419465952213, -21.191744211196472], "[26, 2, 1, 1, 1, 1]": [1.256370772815584, 18.588171821305323, 6.645079284255588, 7.948522386773842], "[22, 0, 1, 1, 1, 1]": [4.581229452507097, 10.184009162901871, 8.217651686026644, 5.370941216022803], "[22, 2, 1, 1, 1, 1]": [10.85515491556448, 20.208594622606263, 20.418432005130477, 16.495568543758765], "[23, 6, 1, 0, 0, 1]": [0.16273304819202505, 0.9802707691756429, 0.9673166562958764, 0.6385120552604262], "[25, 8, 1, 1, 1, 1]": [22.842044677685276, 27.520155484188685, 22.080148361315565, 28.693193975129947], "[352, 5, 1, 1, 1, 1]": [-9.376165457273654, -0.8093243512010622, -1.2874647549246685, -8.959099849619], "[21, 0, 1, 1, 1, 1]": [2.9069481843502887, 3.6396863587322965, 4.6136153395325605, 4.423103480027936], "[19, 7, 1, 1, 1, 1]": [2.382435946042668, 1.4559595165446444, 0.024858322965201185, 0.45294539438449166], "[351, 4, 1, 1, 1, 1]": [-23.043212946708433, -2.5714702814291095, -31.70563324238428, -7.842346034015802], "[352, 5, 1, 0, 0, 1]": [0.06215068594520212, -0.593723992852597, 0.04236750553737145, 0.7582747461768446], "[353, 2, 1, 1, 1, 0]": [0.22084869131175422, -8.752761601664265, 0.19637024217512067, 0.40242350152535855], "[351, 2, 1, 1, 1, 1]": [-0.635603981260452, -8.767566622923285, -0.5278605070631971, -8.103851941541595], "[24, 3, 1, 1, 1, 1]": [21.39843989321037, 29.787637018335015, 25.12576688294588, 26.64752209250978], "[24, 6, 0, 1, 1, 0]": [0.5900768519022271, 0.012448853212773114, 0.2747823408643957, 0.1078418210165607], "[332, 0, 1, 1, 1, 1]": [0.75824750821051, 0.417058286523209, 1.1075448982869485, 0.5311851577222853], "[20, 8, 1, 1, 1, 1]": [3.304583042513458, 4.44965882729432, 11.555200932115413, 10.976465195459177], "[27, 0, 1, 1, 1, 1]": [0.9123877236862894, 0.6093167925257836, 0.2822001709016825, 6.570334276341288], "[20, 5, 1, 1, 1, 1]": [13.454311924122488, 0.39326725596553935, 4.54805808258303, 2.207627402097202], "[351, 5, 1, 1, 1, 1]": [-22.551064759961463, -1.6527639078202392, -12.894549497172111, -16.619051734458854], "[21, 1, 1, 1, 0, 0]": [2.671714955125146, 0.9418550281612544, 0.2270285078652936, 0.6052594688243845], "[25, 0, 1, 1, 1, 1]": [12.08845864193084, 30.316386919778846, 19.73775360187637, 17.000848843173493], "[27, 3, 0, 1, 1, 1]": [0.9635650238072527, 0.346566700235461, 3.894983334965497, 0.9794743653223198], "[26, 4, 1, 1, 1, 1]": [15.551026923870463, 9.062151127932033, 17.98265121388627, 5.133629415031095], "[21, 2, 1, 1, 0, 0]": [4.209086965612408, 11.19068402730852, 9.249097187628506, 5.19469892411949], "[19, 1, 1, 1, 1, 1]": [-0.1708404852342208, 0.1478161813048673, 0.5505809499021432, -0.37568192215978], "[25, 1, 1, 1, 1, 1]": [9.627421791024807, 30.032313747019053, 20.23825985101256, 24.733438558189167], "[26, 0, 1, 1, 1, 0]": [0.2970643683066525, 2.44783226854546, 2.2156504249212303, 4.721922744571703], "[21, 3, 1, 1, 1, 1]": [4.908449642472052, 19.884281455331173, 14.202699815779722, 3.887233806772826], "[21, 0, 1, 1, 0, 0]": [0.3103578097076336, 0.10631962664444072, 0.2796082676582017, 0.7338699672211255], "[27, 0, 1, 1, 1, 0]": [5.902790470029318, 13.0316898465354, 1.2401078185323866, 6.833782404577093], "[27, 5, 1, 0, 1, 1]": [6.3126673581786665, 0.45660037572349477, 2.6440641824324005, 1.485897858307615], "[27, 7, 1, 1, 1, 0]": [6.0681286804762715, 0.8735438928354476, -0.135854586601384, 2.7687322681724233], "[23, 8, 1, 1, 1, 1]": [3.5791724790487383, 10.839632912577933, 6.567239214722353, 13.910677921021087], "[27, 6, 1, 1, 0, 1]": [0.2697194543897973, 0.8446748421003714, 0.3883795333081025, 0.4806928183731024], "[27, 4, 0, 1, 0, 1]": [0.6374855610183171, 0.6123799139221958, 0.779431760879661, -2.038722504423018], "[20, 7, 1, 1, 1, 1]": [10.687698663386627, 4.071974994993793, 7.347594519545916, 4.7392988375739025], "[19, 2, 1, 1, 1, 1]": [0.0886679094187931, 2.6372258054000857, -0.9496111490736576, -1.2051735443976352], "[27, 2, 0, 1, 1, 1]": [0.7505881731739179, 0.23924264917040805, 4.060529481143991, 3.091625934611126], "[27, 1, 1, 1, 1, 0]": [-0.5972909116822679, 12.893151649595072, 2.7052180222904822, 3.1834703911100286], "[21, 4, 1, 1, 1, 1]": [17.68878728329134, 8.813612087728123, 10.058359040007819, 10.438979846005703], "[24, 8, 1, 1, 1, 1]": [16.397720968380185, 14.64145181711579, 20.600368350858005, 12.131895840678762], "[24, 7, 1, 1, 1, 1]": [21.239795672594987, 10.188298933297693, 14.8391529876237, 17.310139373559892], "[25, 6, 1, 1, 1, 1]": [27.854456471071277, 12.352880065005957, 26.76981904506934, 29.402789998052256], "[351, 6, 1, 1, 1, 1]": [-16.956168248446502, -1.609011073035761, -11.743843330533183, -1.441916916738094], "[22, 8, 1, 1, 1, 1]": [2.47788751656335, 9.91082322250974, 5.002199661124667, -0.8026379140825102], "[25, 4, 1, 1, 1, 1]": [28.560165989122556, 11.882856492664722, 20.91015163154933, 19.92449339714142], "[22, 3, 1, 1, 1, 1]": [18.65272170121743, 23.798051914234797, 13.595972940100586, 15.51734750847129], "[351, 1, 1, 1, 1, 1]": [-2.25222550868224, 0.15566366026536194, 0.19529012816808033, -22.406696612304557], "[27, 6, 1, 0, 1, 1]": [8.63376909019614, 0.14954871670571157, -2.110240691131082, 0.671777905864694], "[352, 8, 1, 1, 1, 1]": [0.8726304744906039, 0.5346920178497612, -0.29482080484062956, 0.22455946325942167], "[332, 1, 1, 1, 1, 1]": [0.9213638153012493, 1.273162083614028, 0.9132855534577919, 0.4505494753246386], "[25, 5, 1, 1, 1, 1]": [31.373306765886323, 12.787832671043486, 19.227941386740465, 18.695436106064], "[23, 4, 1, 1, 1, 1]": [29.114336521645026, 17.798179293283493, 21.074898933590916, 20.976792250202262], "[27, 6, 1, 1, 1, 1]": [8.956722641204246, 4.801251941539146, 1.5162535402282906, 1.295501883831403], "[27, 7, 1, 0, 1, 1]": [3.9490608141439454, -0.23323365385613598, 2.893337076835494, 0.3184492979188688], "[21, 7, 1, 1, 1, 1]": [3.189537965699083, -1.7650450170582315, -0.3984601936513888, 3.2347057476766663],